Market,Agent,Events,Website,Logo found? (Y/N)
Bangladesh,Eduko Pathways Singapore Pte Ltd,1,https://edukopathwaysbd.com/contact/,
Bangladesh,Eduko Pathways Singapore PTE. LTD.,1,https://edukopathwaysbd.com,
Bangladesh,Global Reach - Dhaka,1,https://globalreachonline.com/,
Brazil,Applyboard,4,www.applyboard.com,
Brazil,Global Study Partners,1,www.upgradgsp.com,
Cambodia,Applyboard,4,www.applyboard.com,
China,Education International Cooperation (EIC) Group Limited,10,https://www.eic.org.cn/city/qingdao/,
China,"Beijing New Oriental Vision Overseas Consulting Co., Ltd.",2,https://liuxue.xdf.cn/chongqing/,
China,Guangdong University of Foreign Studies,2,www.gdufs.edu.cn,
China,"School Of Tourism Management, Sun Yat-sen University",1,http://stm.sysu.edu.cn/,
China,Huatong Xinnuo Int'l Cultural Exchange Centre Limited T/A HTI,1,https://www.ht-international.net,
China,Beijing New Oriental Vision Overseas Consulting Co. Ltd.,1,https://liuxue.xdf.cn/en_site/index.shtml,
China,JJL International Education Exchange Promotion Ltd.,1,https://www.jjl.cn/gz/,
Colombia,Applyboard,4,www.applyboard.com,
Ghana,Astolinks International,1,www.astolinks.net,
Ghana,British Canadian International Education (Ghana),1,https://bcie.co.uk//offices/ghana--accra,
Ghana,"BCIE, Ghana",1,www.bcie.co.uk,
Hong Kong,Applyboard,4,www.applyboard.com,
Hong Kong,Aston Education,4,www.aston.edu.hk,
Hong Kong,British United Education Services Limited,3,britishunited.net,
Hong Kong,Hkies,1,www.hkies.com.hk,
Hong Kong,Hong Kong Education Web Ltd.,1,https://www.education.com.hk,
Hong Kong,Academic And Continuing Education Limited,1,www.ace-hk.org,
Hong Kong,Synchro Overseas Education Company Limited,1,www.synedu.hk,
Hong Kong,aec Education Consultancy,1,www.aecl.com.hk,
India,Canam Consultants Ltd,8,https://www.canamgroup.com/contact-us,
India,Global Opportunities Pvt Ltd,8,https://www.global-opportunities.net/contact/,
India,Study Overseas Global Pvt Ltd,7,www.studyoverseasglobal.com,
India,Azent Overseas Education Limited,6,www.azent.com,
India,KC Overseas Education Private Limited,6,https://www.studies-overseas.com/contact-us/study-abroad-consultants-in-visakhapatnam,
India,The Chopras Global Holdings Pte. Ltd t/a TC Global,4,http://www.thechopras.com,
India,Applyboard India Pvt Ltd,4,www.applyboard.com,
India,Geebee Education Pvt. Ltd,3,www.geebeeworld.com,
India,Global Tree,2,www.globaltree.in,
India,V&U Intellect Consultants Pvt Ltd,2,https://intellectconsultants.com/contact-us.php,
India,Trans Globe Education,2,https://www.transglobeedu.com/contactus,
India,Gradstar Global Education,2,https://www.gradstarglobal.com/contact/,
India,Global Study Partners (GSP),1,www.upgradgsp.com,
India,Global Colliance Overseas Education Pvt Ltd,1,globalcolliance.com/,
India,upGrad GSP,1,www.globalstudypartners.com,
India,Enbee Education Center Private Limited,1,www.eecglobal.com,
India,Educircle Private Limited (T/A educircle.io),1,https://www.educircle.io/,
India,VIEC,1,https://www.vieceducation.com/siliguri,
India,Globe Ed,1,globeedconsultancy.com,
India,Career Bridge Consultants Pvt Ltd,1,careerbridge.in,
India,Global Reach,1,https://www.globalreachonline.com/,
India,Competitive Careers Pvt Ltd,1,www.competitivecareers.in,
India,Abacus Overseas Education Advisors,1,https://www.abacuseducation.ca,
India,Chitkara University,1,https://www.chitkara.edu.in,
India,Jubeerich Studies LLP,1,https://jubeerich.com/,
Indonesia,Applyboard,4,www.applyboard.com,
Indonesia,Edlink+ConneX,2,www.edlinkeducation.com,
Indonesia,CV Jembatan Dwitama,1,www.edubridge.co.id,
Indonesia,JACK StudyAbroad,1,jackstudy.co.id,
Japan,Study Abroad Association,11,www.ryugaku.or.jp,
Japan,SEKAIA Inc.,8,https://www.sekaia.co.jp/,
Japan,BEO Study Abroad,4,https://beo.jp/,
Japan,Wish International,3,http://www.wish.co.jp/,
Japan,World Avenue Co. Ltd,1,world-avenue.co.jp,
Japan,Japan Study Abroad Foundation,1,https://japanstudyabroad.org,
Japan,IAE GLOBAL Ltd.,1,http://www.iae-ryugaku.net,
Kenya,Uniserv Education,6,www.uniserveducation.com/contact,
Kenya,Applyboard,4,www.applyboard.com,
Kenya,Educare International Limited,2,https://educare-studyabroad.com/contact-us?office=mombasa,
Kenya,EDUCARE INTERNATIONAL LIMITED,2,https://www.educare-studyabroad.com/,
Kenya,BCIE,1,www.bcie.co.uk,
Malaysia,Applyboard,4,www.applyboard.com,
Malaysia,ED NETWORK INTERNATIONAL EDUCATION SDN BHD,4,www.ednet.com.my,
Malaysia,Brickfields Asia College Sdn Bhd,4,bac.edu.my,
Malaysia,JM Education Group Sdn Bhd,2,www.jmeducationgroup.com,
Mexico,Applyboard,4,www.applyboard.com,
Mexico,Go Study Australia Pty. Ltd.,1,https://www.gostudyaus.es,
Nepal,Global Study Partners - Nepal,1,www.upgradgsp.com,
Nepal,Global Reach - Kathmandu,1,https://www.globalreach.in/,
Nigeria,Tg Marchnata (Tgm Education),2,www.tgmeducation.com,
Nigeria,British Canadian International Education (Nigeria),1,https://bcie.co.uk//offices/nigeria---abuja,
Nigeria,Craydel Inc.,1,https://craydel.com/about/contact,
Nigeria,Craydel - Lagos Office,1,https://craydel.com/,
Pakistan,HR Consultants,5,https://hrpakistan.com/hri/offices/hr-consultants-lahore-gulburg/,
Pakistan,HR Consultants Pvt. Limited,5,www.hrpakistan.com,
Pakistan,Times Consultant,3,https://timesconsultant.com/contact,
Pakistan,AEO Pakistan,2,https://aeo.com.pk/contact-us/,
Pakistan,Global Study Partners - Pakistan,1,www.upgradgsp.com,
Pakistan,British Canadian International Education (Pakistan),1,www.bcie.co.uk//offices/pakistan--lahore,
Saudi Arabia,JnS Education,1,https://jnsedu.com/contact-us/,
Saudi Arabia,JNS Education Consultant (UK) Ltd,1,www.jnsedu.com,
Singapore,The Chopras Global Holdings PTE Ltd.,3,https://tcglobal.com/our-locations/,
Singapore,The Added Company Pte Ltd,1,https://www.addededucation.com,
Singapore,PSB Academy(Singapore),1,https://www.psb-academy.edu.sg/,
South Korea,International Education Network Inc (IEN),2,http://www.ienau.com,
South Korea,Huatong Xinnuo Int'l Cultural Exchange Centre Limited T/A HTI,2,http://www.ht-international.net,
South Korea,KOKOS Korea Co. Ltd,1,www.ikokos.com,
South Korea,SOL Edu Pty Ltd,1,www.soledu.net/kr/,
Sri Lanka,Applyboard (Sri Lanka),4,https://www.applyboard.com/,
Sri Lanka,Global Study Partners,1,https://www.upgradgsp.com,
Sri Lanka,Australian Business Education Centre (Pvt) Ltd,1,www.abec.lk,
Sri Lanka,VIEC,1,https://www.vieceducation.com/sri-lanka-kandy,
Sri Lanka,Overseas Education Centre,1,http://www.oecindia.com,
Sri Lanka,Campus Direct,1,www.campusdirect.io,
Sri Lanka,Rivil International (Pvt) Ltd,1,www.riviledu.com,
Sri Lanka,Global Reach - Sri Lanka,1,https://globalreachonline.com/,
Taiwan,"I.S. Global Education Co., Ltd.",8,https://www.isec.com.tw/,
Taiwan,Study Central Pty Ltd,2,https://studycentralau.com/,
Taiwan,JRIS Education - Taiwan,1,www.jris.com,
Thailand,Edvoy Thailand,1,https://edvoythailand.com,
Turkey,Academix (Akademik Eğitim Danismanlik Tic. Ltd. Sti.),3,academix.com.tr,
UAE,BCIE Services DMCC (UAE),1,www.bcie.co.uk,
Vietnam,Duc Anh Overseas Study Advisory & Translation Joint Stock Company,1,www.ducanhduhoc.vn,
